Workbook

Sheet DATA
A1: Requisition_ID | B1: Department | C1: Position | D1: Open_Date | E1: Hire_Date | F1: Time to Fill | G1: Recruitment_Cost | H1: Source | I1: Candidate_Count | J1: Offers_Made | K1: Offers_Accepted | L1: Acceptance Rate | M1: Emp_ID | N1: Training_Hours | O1: Training_Cost | P1: Pre_Test | R1: Post_Test | S1: Learning Imp | T1: Rating | U1: Attendance_Percent | V1: Performance_Score | W1: Attrition_Status | X1: Gender | Y1: Age | Z1: Experience_Years | AA1: Leave_Taken | AB1: Leave_Available | AC1: Salary
A2: REQ001 | B2: Operations | C2: Senior Analyst | D2: 45786 | E2: 45820 | F2: =E2-D2 -> 34 | G2: 33521 | H2: Campus Hiring | I2: 175 | J2: 2 | K2: 1 | L2: =K2/I2 -> 0.0057142857 | M2: E001 | N2: 41 | O2: 17020 | P2: 47 | R2: 49 | S2: =R2-P2 -> 2 | T2: 4 | U2: 97 | V2: 79 | W2: Yes | X2: Female | Y2: 31 | Z2: 4 | AA2: 6 | AB2: 30 | AC2: 49256
A3: REQ002 | B3: Operations | C3: Senior Analyst | D3: 45558 | E3: 45602 | F3: =E3-D3 -> 44 | G3: 40324 | H3: Walk-In | I3: 151 | J3: 16 | K3: 11 | L3: =K3/I3 -> 0.072847682 | M3: E002 | N3: 9 | O3: 19743 | P3: 74 | R3: 75 | S3: =R3-P3 -> 1 | T3: 3 | U3: 97 | V3: 96 | W3: No | X3: Female | Y3: 34 | Z3: 11 | AA3: 25 | AB3: 30 | AC3: 41915
A4: REQ003 | B4: HR | C4: Senior Analyst | D4: 45361 | E4: 45409 | F4: =E4-D4 -> 48 | G4: 46735 | H4: Employee Referral | I4: 91 | J4: 1 | K4: 1 | L4: =K4/I4 -> 0.010989011 | M4: E003 | N4: 38 | O4: 27821 | P4: 50 | R4: 72 | S4: =R4-P4 -> 22 | T4: 5 | U4: 97 | V4: 75 | W4: Yes | X4: Female | Y4: 53 | Z4: 23 | AA4: 17 | AB4: 30 | AC4: 102524
A5: REQ004 | B5: Operations | C5: Senior Analyst | D5: 45613 | E5: 45620 | F5: =E5-D5 -> 7 | G5: 34772 | H5: Naukri | I5: 125 | J5: 18 | K5: 4 | L5: =K5/I5 -> 0.032 | M5: E004 | N5: 17 | O5: 9141 | P5: 70 | R5: 100 | S5: =R5-P5 -> 30 | T5: 2 | U5: 83 | V5: 89 | W5: No | X5: Male | Y5: 56 | Z5: 24 | AA5: 10 | AB5: 30 | AC5: 116203
A6: REQ005 | B6: HR | C6: Team Lead | D6: 45383 | E6: 45399 | F6: =E6-D6 -> 16 | G6: 22710 | H6: Walk-In | I6: 86 | J6: 15 | K6: 9 | L6: =K6/I6 -> 0.10465116 | M6: E005 | N6: 22 | O6: 1308 | P6: 42 | R6: 65 | S6: =R6-P6 -> 23 | T6: 1 | U6: 75 | V6: 67 | W6: No | X6: Male | Y6: 37 | Z6: 10 | AA6: 11 | AB6: 30 | AC6: 41275
A7: REQ006 | B7: Operations | C7: Analyst | D7: 45769 | E7: 45805 | F7: =E7-D7 -> 36 | G7: 30292 | H7: Naukri | I7: 79 | J7: 8 | K7: 5 | L7: =K7/I7 -> 0.063291139 | M7: E006 | N7: 9 | O7: 2543 | P7: 44 | R7: 57 | S7: =R7-P7 -> 13 | T7: 4 | U7: 96 | V7: 75 | W7: Yes | X7: Male | Y7: 25 | Z7: 17 | AA7: 24 | AB7: 30 | AC7: 25027
A8: REQ007 | B8: HR | C8: Associate | D8: 45555 | E8: 45570 | F8: =E8-D8 -> 15 | G8: 31774 | H8: LinkedIn | I8: 157 | J8: 18 | K8: 9 | L8: =K8/I8 -> 0.057324841 | M8: E007 | N8: 57 | O8: 11127 | P8: 45 | R8: 70 | S8: =R8-P8 -> 25 | T8: 2 | U8: 91 | V8: 89 | W8: No | X8: Female | Y8: 23 | Z8: 17 | AA8: 25 | AB8: 30 | AC8: 110051
A9: REQ008 | B9: Marketing | C9: Senior Analyst | D9: 45695 | E9: 45707 | F9: =E9-D9 -> 12 | G9: 42864 | H9: Walk-In | I9: 52 | J9: 3 | K9: 2 | L9: =K9/I9 -> 0.038461538 | M9: E008 | N9: 49 | O9: 13631 | P9: 81 | R9: 100 | S9: =R9-P9 -> 19 | T9: 2 | U9: 80 | V9: 79 | W9: No | X9: Male | Y9: 52 | Z9: 15 | AA9: 16 | AB9: 30 | AC9: 55574
A10: REQ009 | B10: HR | C10: Senior Analyst | D10: 45728 | E10: 45764 | F10: =E10-D10 -> 36 | G10: 29448 | H10: Walk-In | I10: 30 | J10: 16 | K10: 9 | L10: =K10/I10 -> 0.3 | M10: E009 | N10: 14 | O10: 3171 | P10: 76 | R10: 96 | S10: =R10-P10 -> 20 | T10: 1 | U10: 79 | V10: 69 | W10: No | X10: Female | Y10: 52 | Z10: 4 | AA10: 1 | AB10: 30 | AC10: 60942
A11: REQ010 | B11: HR | C11: Manager | D11: 45646 | E11: 45653 | F11: =E11-D11 -> 7 | G11: 19951 | H11: LinkedIn | I11: 107 | J11: 5 | K11: 2 | L11: =K11/I11 -> 0.018691589 | M11: E010 | N11: 72 | O11: 4781 | P11: 45 | R11: 66 | S11: =R11-P11 -> 21 | T11: 1 | U11: 89 | V11: 53 | W11: No | X11: Female | Y11: 57 | Z11: 1 | AA11: 5 | AB11: 30 | AC11: 51554
A12: REQ011 | B12: HR | C12: Manager | D12: 45588 | E12: 45617 | F12: =E12-D12 -> 29 | G12: 12361 | H12: Naukri | I12: 179 | J12: 19 | K12: 16 | L12: =K12/I12 -> 0.089385475 | M12: E011 | N12: 78 | O12: 6572 | P12: 62 | R12: 87 | S12: =R12-P12 -> 25 | T12: 2 | U12: 90 | V12: 98 | W12: No | X12: Female | Y12: 32 | Z12: 2 | AA12: 22 | AB12: 30 | AC12: 28609
A13: REQ012 | B13: Operations | C13: Associate | D13: 45691 | E13: 45749 | F13: =E13-D13 -> 58 | G13: 30493 | H13: LinkedIn | I13: 106 | J13: 5 | K13: 2 | L13: =K13/I13 -> 0.018867925 | M13: E012 | N13: 10 | O13: 14629 | P13: 77 | R13: 93 | S13: =R13-P13 -> 16 | T13: 5 | U13: 89 | V13: 75 | W13: No | X13: Male | Y13: 57 | Z13: 1 | AA13: 12 | AB13: 30 | AC13: 103849
... A201: REQ200 | B201: Operations | C201: Team Lead | D201: 45624 | E201: 45678 | F201: =E201-D201 -> 54 | G201: 24187 | H201: Walk-In | I201: 116 | J201: 10 | K201: 10 | L201: =K201/I201 -> 0.086206897 | M201: E200 | N201: 19 | O201: 21222 | P201: 58 | R201: 66 | S201: =R201-P201 -> 8 | T201: 2 | U201: 84 | V201: 61 | W201: No | X201: Female | Y201: 30 | Z201: 5 | AA201: 11 | AB201: 30 | AC201: 101475

Sheet EX 1
B1: Exercise 1 – Time to Fill
A2: 1 | B2: Calculate Time to Fill for every position. | D2: COLUMN F
D4: HIRE DATE - OPEN DATE
A7: 2 | B7: Find the average Time to Fill. | D7: =AVERAGE(DATA!F2:F201) -> 34.365
A11: 3 | B11: Find the maximum Time to Fill. | D11: =MAX(DATA!F2:F201) -> 60
A14: 4 | B14: Find the minimum Time to Fill. | D14: =MIN(DATA!F2:F201) -> 5

Sheet EX 2
B1: Exercise 2 – Cost per Hire
A3: 5 | B3: Calculate average recruitment cost. | D3: =AVERAGE(DATA!G2:G201) -> 27678.88
A6: 6 | B6: Calculate total recruitment cost. | D6: =SUM(DATA!G2:G201) -> 5535776
A9: 7 | B9: Identify the most expensive hire. | D9: =MAX(DATA!G2:G201) -> 49913

Sheet EX 3
B1: Exercise 3 – Recruitment Source Analysis
A3: 8 | B3: Which source produced the most hires? | C3: {=_xlfn.LET(_xlpm.sources,_xlfn.UNIQUE(DATA!H191:H201),_xlpm.hires,SUMIF(DATA!H2:H201,_xlpm.sources,DATA!K2:K201),_xlfn._xlws.FILTER(_xlpm.sources,_xlpm.hires=MAX(_xlpm.hires)))} -> Naukri
A6: 9 | B6: Which source produced the least hires? | C6: {=_xlfn.LET(_xlpm.sources,_xlfn.UNIQUE(DATA!H191:H201),_xlpm.hires,SUMIF(DATA!H2:H201,_xlpm.sources,DATA!K2:K201),_xlfn._xlws.FILTER(_xlpm.sources,_xlpm.hires=MIN(_xlpm.hires)))} -> Campus Hiring
A10: 10 | B10: Which source has the lowest recruitment cost? | C10: {=_xlfn.LET(_xlpm.sources, _xlfn.UNIQUE(DATA!H2:H201), _xlpm.cost, SUMIF(DATA!H2:H201,_xlpm.sources, DATA!G2:G201), _xlfn._xlws.FILTER(_xlpm.sources,_xlpm.cost=MIN(_xlpm.cost)))} -> Campus Hiring
A13: 11 | B13: Which source has the highest recruitment cost? | C13: {=_xlfn.LET(_xlpm.sources, _xlfn.UNIQUE(DATA!H2:H201), _xlpm.cost, SUMIF(DATA!H2:H201,_xlpm.sources, DATA!G2:G201), _xlfn._xlws.FILTER(_xlpm.sources,_xlpm.cost=MAX(_xlpm.cost)))} -> LinkedIn

Sheet EX 4
B1: Exercise 4 – Offer Acceptance Rate
A4: 12 | B4: Calculate acceptance rate for each hiring source. | C4: OFFER ACCEPTED/OFFER MADE
A8: 13 | B8: Which source has the highest acceptance rate? | C8: =_xlfn.LET(_xlpm.sources,DATA!H2:H201,_xlpm.rates,DATA!L2:L201,_xlpm.maxrate,MAX(_xlpm.rates),_xlpm.source,INDEX(_xlpm.sources,MATCH(_xlpm.maxrate,_xlpm.rates,0)),_xlpm.source&"-"&TEXT(_xlpm.maxrate,"0.00%")) -> Naukri-70.00%
B12: Exercise 4 – Training Hours Analysis
A14: 14 | B14: Total Training Hours | C14: =SUM(DATA!N2:N201) -> 8009
A17: 15 | B17: Average Training Hours | C17: =AVERAGE(DATA!N2:N201) -> 40.045
A20: 16 | B20: Highest Training Hours | C20: =MAX(DATA!N2:N201) -> 79
A23: 17 | B23: Lowest Training Hours | C23: =MIN(DATA!N2:N201) -> 0

Sheet EX 5
B1: Exercise 5 – Training Cost Analysis
A2: 18 | B2: Total Training Cost | C2: =SUM(DATA!O2:O201) -> 3159908
A6: 19 | B6: Average Training Cost | C6: =AVERAGE(DATA!O2:O201) -> 15799.54
A10: 20 | B10: Department-wise Training Cost | C10: {=_xlfn.UNIQUE(DATA!B2:B201)} -> Operations | D10: {=SUMIF(DATA!B2:B201,_xlfn.ANCHORARRAY('EX 5'!C10),DATA!O2:O201)} -> 499769
C11: HR | D11: 448090
C12: Marketing | D12: 637062
C13: Sales | D13: 471438
C14: Finance | D14: 713052
C15: IT | D15: 390497

Sheet EX 6
B1: Exercise 6 – Learning Improvement %
A5: 21 | B5: Calculate learning improvement. | C5: post test-pre test
A9: 22 | B9: Identify employees with highest improvement. | C9: {=_xlfn._xlws.FILTER(DATA!M2:M201,DATA!S2:S201=MAX(DATA!S2:S201))} -> E004 | D9: =MAX(DATA!$S$2:$S$201) -> 30
C10: E068 | D10: =MAX(DATA!$S$2:$S$201) -> 30
C11: E080 | D11: =MAX(DATA!$S$2:$S$201) -> 30
A15: 23 | B15: Find average improvement by department. | C15: {=_xlfn.UNIQUE(DATA!B2:B201)} -> Operations | D15: {=AVERAGEIF(DATA!B2:B201,_xlfn.ANCHORARRAY(C15),DATA!S2:S201)} -> 12.65625
C16: HR | D16: 16.315789
C17: Marketing | D17: 14.868421
C18: Sales | D18: 15.733333
C19: Finance | D19: 12.184211
C20: IT | D20: 15.291667

Sheet EX 7
B1: Exercise 7 – Training Effectiveness
E2: +0.70 to +1.00 | F2: Strong positive relationship
E3: +0.30 to +0.69 | F3: Moderate positive relationship
A4: 24 | B4: Compare Training Hours vs Performance Score. | C4: =CORREL(DATA!N2:N201,DATA!S2:S201) -> 0.027534035 | E4: 0 to +0.29 | F4: Weak positive relationship
E5: 0 | F5: No linear relationship
E6: -0.29 to 0 | F6: Weak negative relationship
E7: -0.69 to -0.30 | F7: Moderate negative relationship
A8: 25 | B8: Create Scatter Plot. | E8: -1.00 to -0.70 | F8: Strong negative relationship
